{
  "users": [
    {
      "empId": "EMP101",
      "empName": "John Doe",
      "empDesg": "Software Engineer",
      "empDept": "IT",
      "empSalary": "5000",
      "id": "101"
    },
    {
      "id": "102",
      "empId": "EMP102",
      "empName": "Jane Smith",
      "empDesg": "Project Manager",
      "empDept": "Management",
      "empSalary": 80000
    },
    {
      "id": "103",
      "empId": "EMP103",
      "empName": "Alice Johnson",
      "empDesg": "Data Analyst",
      "empDept": "Data Science",
      "empSalary": 60000
    },
    {
      "id": "104",
      "empId": "EMP104",
      "empName": "Bob Brown",
      "empDesg": "UX Designer",
      "empDept": "Design",
      "empSalary": 70000
    },
    {
      "id": "105",
      "empId": "EMP105",
      "empName": "Charlie Davis",
      "empDesg": "DevOps Engineer",
      "empDept": "IT",
      "empSalary": 75000
    },
    {
      "id": "106",
      "empId": "EMP106",
      "empName": "Diana Prince",
      "empDesg": "HR Manager",
      "empDept": "HR",
      "empSalary": 90000
    },
    {
      "id": "107",
      "empId": "EMP107",
      "empName": "Ethan Hunt",
      "empDesg": "Marketing Specialist",
      "empDept": "Marketing",
      "empSalary": 65000
    },
    {
      "id": "108",
      "empId": "EMP108",
      "empName": "Fiona Gallagher",
      "empDesg": "QA Engineer",
      "empDept": "Quality Assurance",
      "empSalary": 55000
    },
    {
      "id": "109",
      "empId": "EMP109",
      "empName": "George Miller",
      "empDesg": "Business Analyst",
      "empDept": "Business",
      "empSalary": 72000
    },
    {
      "id": "110",
      "empId": "EMP110",
      "empName": "Hannah Lee",
      "empDesg": "Frontend Developer",
      "empDept": "IT",
      "empSalary": 68000
    }
  ]
}